"location","ams_code","year","pop"
"Aalsmeer",11264,1869,3080
"Aalten",11046,1869,6046
"Alblasserdam",11327,1869,3809
"Alkmaar",10527,1869,11427
"Almelo",11053,1869,4132
"Alphen aan den Rijn",10517,1869,3170
"Hardenberg",10174,1869,7042
"Amersfoort",10948,1869,13298
"Amsterdam",11150,1869,266776
"Apeldoorn",11075,1869,12661
"Appingedam",10886,1869,3596
"Arnhem",10795,1869,32325
"Assen",10522,1869,6883
"Assendelft",11373,1869,3138
"Asten",10478,1869,3157
"Dedemsvaart",11190,1869,5885
"Baarn",11411,1869,2511
"Barendrecht",10943,1869,2866
"Barneveld",10906,1869,6174
"Voorthuizen",10906,1869,6174
"Beek",11374,1869,2464
"Reuver",10195,1869,1620
"Beilen",10520,1869,3906
"Bemmel",10744,1869,4842
"Schoonhoven",10962,1869,2287
"Bergen",11424,1869,1232
"Bergen op Zoom",11037,1869,9354
"Bergeijk",11160,1869,1747
"Bergschenhoek",10445,1869,1028
"Berkel en Rodenrijs",10139,1869,1553
"Berkel-Enschot",11132,1869,1109
"Best",10442,1869,1909
"Beuningen",10417,1869,1756
"Beverwijk",10272,1869,3113
"Bladel",11006,1869,3396
"Bleiswijk",10994,1869,1460
"Bodegraven",11091,1869,3030
"Borne",10326,1869,3578
"Boskoop",10419,1869,2348
"Bovenkarspel",10945,1869,1347
"Boxmeer",11227,1869,2072
"Boxtel",10083,1869,4802
"Breda",10154,1869,15197
"Breukelen",11149,1869,797
"Brielle",10232,1869,4058
"Eerbeek",10798,1869,6339
"Brunssum",10533,1869,1000
"Bunschoten Spakenburg",11343,1869,1688
"Bussum",10281,1869,1130
"Capelle aan den IJssel",11248,1869,2244
"Castricum",11287,1869,1329
"Coevorden",10383,1869,2701
"Cuijk",10023,1869,2192
"Culemborg",10342,1869,18434
"Dalfsen",11007,1869,5286
"De Bilt",10168,1869,2030
"Bilthoven",10168,1869,2030
"Delft",10928,1869,22002
"Delfzijl",10976,1869,5243
"De Lier",10241,1869,883
"Den Helder",10285,1869,18739
"Julianadorp",10285,1869,18739
"Deurne",10379,1869,4291
"Deventer",10899,1869,17827
"Werkendam",10116,1869,1867
"Didam",10153,1869,3359
"Diemen",11039,1869,918
"Doesburg",10327,1869,4460
"Doetinchem",10396,1869,2383
"Dokkum",10198,1869,4519
"Dongen",11412,1869,3879
"Doorn",10213,1869,1180
"Dordrecht",11157,1869,24798
"Driebergen-Rijsenburg",10777,1869,3224
"Drunen",10428,1869,2628
"Druten",10068,1869,4251
"Duiven",11028,1869,2663
"Echt",10941,1869,4174
"Volendam",10884,1869,5152
"Ede",10743,1869,11670
"Lunteren",10743,1869,11670
"Bennekom",10743,1869,11670
"Eibergen",10436,1869,5220
"Eindhoven",11298,1869,3223
"Elburg",11113,1869,2491
"Elst",11188,1869,4878
"Emmen",11180,1869,5943
"Klazienaveen",11180,1869,5943
"Enkhuizen",10729,1869,5377
"Enschede",10364,1869,5072
"Epe",10940,1869,7459
"Vaassen",10940,1869,7459
"Ermelo",10732,1869,5029
"Nunspeet",10732,1869,5029
"Etten-Leur",10750,1869,5496
"Franeker",11226,1869,6481
"Geldermalsen",10881,1869,2308
"Geldrop",10529,1869,2162
"Geleen",10048,1869,2229
"Gemert",10277,1869,4920
"Ulft",10260,1869,5743
"Genemuiden",10746,1869,2237
"Rijen",11375,1869,2566
"Goes",10674,1869,6744
"Goirle",10971,1869,1417
"Goor",10076,1869,2229
"Gorinchem",10942,1869,9057
"Gouda",10302,1869,16009
"Groesbeek",10616,1869,3657
"Groningen",10426,1869,37984
"Haaksbergen",11435,1869,4692
"Haarlem",10357,1869,30989
"Hoofddorp",11387,1869,11283
"Nieuw Vennep",11387,1869,11283
"Badhoevedorp",11387,1869,11283
"Halsteren",10387,1869,2494
"Harderwijk",10786,1869,6336
"Hardinxveld Giessendam",10167,1869,3619
"Haren",11058,1869,3126
"Harlingen",10909,1869,9945
"Joure",10022,1869,6275
"Hattem",10673,1869,2704
"Heemskerk",10679,1869,1317
"Heemstede",11288,1869,2844
"Heerde",10291,1869,5180
"Heerhugowaard",10752,1869,2256
"Heerlen",10902,1869,4894
"Heesch",10149,1869,2158
"Heiloo",10793,1869,1100
"Nijverdal",10806,1869,5200
"Helmond",10932,1869,6435
"Hendrik Ido Ambacht",10416,1869,2560
"Hengelo",10907,1869,9042
"Malden",10600,1869,1427
"Hillegom",11236,1869,2409
"Hilversum",11285,1869,6586
"Hoensbroek",11177,1869,1198
"Hoogeveen",10839,1869,9520
"Hoogezand",10410,1869,7133
"Hoogland",10545,1869,2273
"Hoorn",11392,1869,9529
"Horst",11108,1869,3635
"Houten",10230,1869,1663
"Huissen",11047,1869,3574
"Huizen",11170,1869,2619
"Hulst",11408,1869,2249
"IJsselmuiden",10641,1869,1758
"IJsselstein",10152,1869,3226
"Nieuwegein",10374,1869,2337
"Kampen",10253,1869,14710
"Katwijk",10707,1869,4875
"Kerkrade",10313,1869,4967
"Koog aan de Zaan",10776,1869,2341
"Krimpen aan den IJssel",10859,1869,1527
"Krommenie",10373,1869,2817
"Laren",10649,1869,5914
"Leek",10604,1869,4797
"Leerdam",10685,1869,2994
"Leeuwarden",11228,1869,26036
"Leiden",10702,1869,39340
"Leiderdorp",10058,1869,2368
"Lemmer",10142,1869,5261
"Leusden",10978,1869,3052
"Lichtenvoorde",10242,1869,3622
"Lisse",10197,1869,1929
"Lochem",11263,1869,2523
"Oldenzaal",11045,1869,10503
"Kaatsheuvel",11259,1869,5781
"Losser",11166,1869,4786
"Maarssen",10874,1869,1278
"Maassluis",10880,1869,3607
"Maastricht",10182,1869,28493
"Made",10258,1869,2470
"Meppel",11204,1869,6963
"Middelburg",10122,1869,16615
"Mijdrecht",11379,1869,2952
"Monster",10019,1869,3577
"Naaldwijk",11418,1869,4075
"Naarden",10187,1869,2728
"Nederweert",10681,1869,4458
"Landgraaf",10088,1869,1120
"Amstelveen",10799,1869,8040
"Nieuwerkerk aan den IJssel",10855,1869,2148
"Hellevoetsluis",10264,1869,1340
"Nijkerk",10446,1869,7487
"Nijmegen",11209,1869,23031
"Noordwijk",10769,1869,3387
"Noordwijkerhout",11134,1869,1368
"Nootdorp",10601,1869,734
"Nuenen",10761,1869,2436
"Oegstgeest",10287,1869,2236
"Oirschot",10225,1869,3841
"Oisterwijk",10103,1869,2258
"Wezep",11106,1869,4626
"Ommen",11069,1869,3261
"Stadskanaal",10610,1869,6023
"Oost-Souburg",11396,1869,1679
"Oosterhout",11280,1869,8472
"Oss",10834,1869,4342
"Oud Beijerland",11301,1869,4579
"Oudenbosch",10397,1869,3858
"Valkenburg",10868,1869,590
"Papendrecht",10427,1869,2150
"Pijnacker",10031,1869,1798
"Hoogvliet",11395,1869,1093
"Prinsenbeek",10762,1869,5852
"Purmerend",11066,1869,4545
"Putten",11109,1869,4284
"Raalte",10279,1869,5638
"Raamsdonksveer",11391,1869,3778
"Wolvega",10330,1869,2606
"Oosterwolde",10330,1869,2606
"Burgum",10330,1869,2606
"Oosterbeek",11325,1869,4592
"Velp",11355,1869,9589
"Dieren",11355,1869,9589
"Rhenen",10309,1869,4037
"Rhoon",10903,1869,1368
"Ridderkerk",10646,1869,6024
"Rijnsburg",11118,1869,1872
"Rijssen",10358,1869,3428
"Rijswijk",11133,1869,2817
"Roden",10699,1869,2370
"Roermond",11313,1869,9238
"Roosendaal",10407,1869,7644
"Rosmalen",10970,1869,2332
"Rotterdam",10345,1869,117075
"Rozenburg",11314,1869,1380
"Sassenheim",10612,1869,1179
"Schagen",10511,1869,2632
"Schiedam",11260,1869,19322
"Schijndel",11178,1869,4802
"Heerenveen",10680,1869,11577
"Den Haag",11434,1869,91328
"s-Gravenzande",10640,1869,5287
"Den Bosch",10054,1869,24925
"Sint Michielsgestel",10496,1869,3290
"Sint Oedenrode",10399,1869,4462
"Sittard",11230,1869,4748
"Sliedrecht",11331,1869,6998
"Drachten",10405,1869,8701
"Sneek",11421,1869,9248
"Soest",11021,1869,3334
"Someren",10203,1869,2940
"Son",10549,1869,1578
"Spijkenisse",10735,1869,1623
"Staphorst",11362,1869,4763
"Steenbergen",10731,1869,6166
"Steenwijk",10546,1869,4320
"Stein",11319,1869,1711
"Tegelen",11333,1869,1971
"Terneuzen",10704,1869,3838
"Tiel",10027,1869,8067
"Tilburg",10792,1869,21459
"Uden",11141,1869,5338
"Uitgeest",11238,1869,2008
"Uithoorn",11206,1869,1574
"Urk",10783,1869,1244
"Utrecht",10722,1869,60361
"Valkenswaard",11031,1869,1186
"Veendam",11292,1869,8987
"Veenendaal",11052,1869,3712
"Veghel",10985,1869,4645
"Veldhoven",10071,1869,1294
"De Meern",10713,1869,321
"IJmuiden",10620,1869,3985
"Velserbroek",10620,1869,3985
"Venlo",10477,1869,7866
"Venray",11222,1869,4958
"Leidschendam",10366,1869,993
"Vianen",10887,1869,3127
"Vlaardingen",10811,1869,8337
"Vleuten",10658,1869,1224
"Vlijmen",11293,1869,3135
"Vlissingen",10270,1869,9617
"Voorburg",11103,1869,2649
"Voorhout",10017,1869,998
"Voorschoten",10537,1869,1985
"Twello",10912,1869,8827
"Vriezenveen",10643,1869,3451
"Vught",11224,1869,3021
"Waalre",10959,1869,915
"Waalwijk",11359,1869,3335
"Waddinxveen",10081,1869,833
"Wageningen",11010,1869,5726
"Wassenaar",10164,1869,3223
"Wateringen",11329,1869,1719
"Weert",11081,1869,7000
"Weesp",10773,1869,3068
"Westervoort",11085,1869,1437
"Wierden",10676,1869,5776
"Wijchen",10723,1869,3232
"Wijk bij Duurstede",10760,1869,2991
"Winschoten",10453,1869,5547
"Winterswijk",11119,1869,7516
"Woerden",10974,1869,4111
"Wormer",10648,1869,1554
"Wormerveer",10361,1869,3432
"Woudenberg",11398,1869,2143
"Zaandam",11044,1869,12045
"Zaltbommel",10557,1869,4318
"Zandvoort",10910,1869,1621
"Zoetermeer",10185,1869,1462
"Zeist",10324,1869,5305
"Zevenaar",10938,1869,3670
"Zevenbergen",10046,1869,6064
"Zierikzee",10843,1869,7706
"Zuidlaren",10002,1869,1815
"Zutphen",10254,1869,14554
"Zwaag",10218,1869,1021
"Zwijndrecht",10468,1869,2987
"Zwolle",10093,1869,20567
"Aalsmeer",11264,1879,3715
"Aalten",11046,1879,6591
"Alblasserdam",11327,1879,4169
"Alkmaar",10527,1879,13304
"Almelo",11053,1879,7758
"Alphen aan den Rijn",10517,1879,3530
"Hardenberg",10174,1879,7673
"Amersfoort",10948,1879,13704
"Amsterdam",11150,1879,317501
"Apeldoorn",11075,1879,15053
"Appingedam",10886,1879,4060
"Arnhem",10795,1879,40978
"Assen",10522,1879,7932
"Assendelft",11373,1879,3286
"Asten",10478,1879,3307
"Dedemsvaart",11190,1879,6532
"Baarn",11411,1879,3529
"Barendrecht",10943,1879,3201
"Barneveld",10906,1879,6576
"Voorthuizen",10906,1879,6576
"Beek",11374,1879,2599
"Reuver",10195,1879,1832
"Beilen",10520,1879,4351
"Bemmel",10744,1879,5329
"Schoonhoven",10962,1879,2552
"Bergen",11424,1879,1503
"Bergen op Zoom",11037,1879,10419
"Bergeijk",11160,1879,1750
"Bergschenhoek",10445,1879,1052
"Berkel en Rodenrijs",10139,1879,1598
"Berkel-Enschot",11132,1879,1171
"Best",10442,1879,2024
"Beuningen",10417,1879,2094
"Beverwijk",10272,1879,3796
"Bladel",11006,1879,1293
"Bleiswijk",10994,1879,1488
"Bodegraven",11091,1879,3328
"Borne",10326,1879,3967
"Boskoop",10419,1879,2622
"Bovenkarspel",10945,1879,1497
"Boxmeer",11227,1879,2082
"Boxtel",10083,1879,5459
"Breda",10154,1879,17107
"Breukelen",11149,1879,932
"Brielle",10232,1879,4442
"Eerbeek",10798,1879,6704
"Brunssum",10533,1879,1176
"Bunschoten Spakenburg",11343,1879,1948
"Bussum",10281,1879,1825
"Capelle aan den IJssel",11248,1879,2816
"Castricum",11287,1879,1520
"Coevorden",10383,1879,3007
"Cuijk",10023,1879,2361
"Culemborg",10342,1879,6725
"Dalfsen",11007,1879,5306
"De Bilt",10168,1879,2284
"Bilthoven",10168,1879,2284
"Delft",10928,1879,25355
"Delfzijl",10976,1879,5873
"De Lier",10241,1879,994
"Den Helder",10285,1879,18291
"Julianadorp",10285,1879,18291
"Deurne",10379,1879,4990
"Deventer",10899,1879,19162
"Werkendam",10116,1879,2410
"Didam",10153,1879,3661
"Diemen",11039,1879,1719
"Doesburg",10327,1879,4541
"Doetinchem",10396,1879,2642
"Dokkum",10198,1879,4479
"Dongen",11412,1879,4229
"Doorn",10213,1879,1337
"Dordrecht",11157,1879,27292
"Driebergen-Rijsenburg",10777,1879,2236
"Drunen",10428,1879,2823
"Druten",10068,1879,4604
"Duiven",11028,1879,2812
"Echt",10941,1879,4611
"Volendam",10884,1879,5600
"Ede",10743,1879,11405
"Lunteren",10743,1879,11405
"Bennekom",10743,1879,11405
"Eibergen",10436,1879,5012
"Eindhoven",11298,1879,3784
"Elburg",11113,1879,2615
"Elst",11188,1879,5531
"Emmen",11180,1879,10381
"Klazienaveen",11180,1879,10381
"Enkhuizen",10729,1879,5774
"Enschede",10364,1879,5450
"Epe",10940,1879,7863
"Vaassen",10940,1879,7863
"Ermelo",10732,1879,5245
"Nunspeet",10732,1879,5245
"Etten-Leur",10750,1879,5793
"Franeker",11226,1879,7222
"Geldermalsen",10881,1879,2570
"Geldrop",10529,1879,2438
"Geleen",10048,1879,2265
"Gemert",10277,1879,4944
"Ulft",10260,1879,5803
"Genemuiden",10746,1879,2827
"Rijen",11375,1879,2861
"Goes",10674,1879,6394
"Goirle",10971,1879,1753
"Goor",10076,1879,2467
"Gorinchem",10942,1879,9697
"Gouda",10302,1879,18118
"Groesbeek",10616,1879,4382
"Groningen",10426,1879,46058
"Haaksbergen",11435,1879,4895
"Haarlem",10357,1879,36976
"Hoofddorp",11387,1879,14318
"Nieuw Vennep",11387,1879,14318
"Badhoevedorp",11387,1879,14318
"Halsteren",10387,1879,2838
"Harderwijk",10786,1879,6840
"Hardinxveld Giessendam",10167,1879,4328
"Haren",11058,1879,3621
"Harlingen",10909,1879,10735
"Joure",10022,1879,7513
"Hattem",10673,1879,2823
"Heemskerk",10679,1879,1634
"Heemstede",11288,1879,3165
"Heerde",10291,1879,5367
"Heerhugowaard",10752,1879,2692
"Heerlen",10902,1879,5105
"Heesch",10149,1879,2176
"Heiloo",10793,1879,1469
"Nijverdal",10806,1879,5891
"Helmond",10932,1879,7366
"Hendrik Ido Ambacht",10416,1879,2664
"Hengelo",10907,1879,9996
"Malden",10600,1879,1508
"Hillegom",11236,1879,2891
"Hilversum",11285,1879,9165
"Hoensbroek",11177,1879,1257
"Hoogeveen",10839,1879,11615
"Hoogezand",10410,1879,7930
"Hoogland",10545,1879,2231
"Hoorn",11392,1879,10200
"Horst",11108,1879,3838
"Houten",10230,1879,1714
"Huissen",11047,1879,3780
"Huizen",11170,1879,3701
"Hulst",11408,1879,2429
"IJsselmuiden",10641,1879,2086
"IJsselstein",10152,1879,3286
"Nieuwegein",10374,1879,2533
"Kampen",10253,1879,17444
"Katwijk",10707,1879,5829
"Kerkrade",10313,1879,6105
"Koog aan de Zaan",10776,1879,2320
"Krimpen aan den IJssel",10859,1879,1846
"Krommenie",10373,1879,2630
"Laren",10649,1879,5955
"Leek",10604,1879,5296
"Leerdam",10685,1879,3380
"Leeuwarden",11228,1879,29006
"Leiden",10702,1879,40799
"Leiderdorp",10058,1879,3033
"Lemmer",10142,1879,5721
"Leusden",10978,1879,1716
"Lichtenvoorde",10242,1879,3923
"Lisse",10197,1879,2176
"Lochem",11263,1879,2906
"Oldenzaal",11045,1879,12794
"Kaatsheuvel",11259,1879,6770
"Losser",11166,1879,4627
"Maarssen",10874,1879,1339
"Maassluis",10880,1879,4827
"Maastricht",10182,1879,28557
"Made",10258,1879,3175
"Meppel",11204,1879,8238
"Middelburg",10122,1879,15443
"Mijdrecht",11379,1879,3802
"Monster",10019,1879,4193
"Naaldwijk",11418,1879,4814
"Naarden",10187,1879,2845
"Nederweert",10681,1879,4671
"Landgraaf",10088,1879,1154
"Amstelveen",10799,1879,14609
"Nieuwerkerk aan den IJssel",10855,1879,2391
"Hellevoetsluis",10264,1879,1488
"Nijkerk",10446,1879,7602
"Nijmegen",11209,1879,24971
"Noordwijk",10769,1879,3697
"Noordwijkerhout",11134,1879,1513
"Nootdorp",10601,1879,787
"Nuenen",10761,1879,2534
"Oegstgeest",10287,1879,2703
"Oirschot",10225,1879,3972
"Oisterwijk",10103,1879,2789
"Wezep",11106,1879,4963
"Ommen",11069,1879,2595
"Stadskanaal",10610,1879,7686
"Oost-Souburg",11396,1879,1236
"Oosterhout",11280,1879,9853
"Oss",10834,1879,4970
"Oud Beijerland",11301,1879,5028
"Oudenbosch",10397,1879,4114
"Valkenburg",10868,1879,662
"Papendrecht",10427,1879,2627
"Pijnacker",10031,1879,1698
"Hoogvliet",11395,1879,1117
"Prinsenbeek",10762,1879,6429
"Purmerend",11066,1879,4994
"Putten",11109,1879,4665
"Raalte",10279,1879,5795
"Raamsdonksveer",11391,1879,4364
"Wolvega",10330,1879,2850
"Oosterwolde",10330,1879,2850
"Burgum",10330,1879,2850
"Oosterbeek",11325,1879,5588
"Velp",11355,1879,11498
"Dieren",11355,1879,11498
"Rhenen",10309,1879,4483
"Rhoon",10903,1879,1567
"Ridderkerk",10646,1879,6809
"Rijnsburg",11118,1879,2050
"Rijssen",10358,1879,3894
"Rijswijk",11133,1879,2651
"Roden",10699,1879,3333
"Roermond",11313,1879,10470
"Roosendaal",10407,1879,8613
"Rosmalen",10970,1879,2999
"Rotterdam",10345,1879,170650
"Rozenburg",11314,1879,1761
"Sassenheim",10612,1879,1177
"Schagen",10511,1879,3200
"Schiedam",11260,1879,23035
"Schijndel",11178,1879,5193
"Heerenveen",10680,1879,13077
"Den Haag",11434,1879,113460
"s-Gravenzande",10640,1879,4680
"Den Bosch",10054,1879,24678
"Sint Michielsgestel",10496,1879,3484
"Sint Oedenrode",10399,1879,4538
"Sittard",11230,1879,5102
"Sliedrecht",11331,1879,8656
"Drachten",10405,1879,9552
"Sneek",11421,1879,10496
"Soest",11021,1879,3606
"Someren",10203,1879,3027
"Son",10549,1879,1627
"Spijkenisse",10735,1879,1755
"Staphorst",11362,1879,5069
"Steenbergen",10731,1879,6705
"Steenwijk",10546,1879,4926
"Stein",11319,1879,1852
"Tegelen",11333,1879,2598
"Terneuzen",10704,1879,4694
"Tiel",10027,1879,8933
"Tilburg",10792,1879,28390
"Uden",11141,1879,5527
"Uitgeest",11238,1879,2363
"Uithoorn",11206,1879,1765
"Urk",10783,1879,2136
"Utrecht",10722,1879,67633
"Valkenswaard",11031,1879,1359
"Veendam",11292,1879,10392
"Veenendaal",11052,1879,4030
"Veghel",10985,1879,5308
"Veldhoven",10071,1879,1345
"De Meern",10713,1879,370
"IJmuiden",10620,1879,5771
"Velserbroek",10620,1879,5771
"Venlo",10477,1879,9133
"Venray",11222,1879,5330
"Leidschendam",10366,1879,1064
"Vianen",10887,1879,3512
"Vlaardingen",10811,1879,9519
"Vleuten",10658,1879,1271
"Vlijmen",11293,1879,3389
"Vlissingen",10270,1879,10056
"Voorburg",11103,1879,2772
"Voorhout",10017,1879,1091
"Voorschoten",10537,1879,2179
"Twello",10912,1879,8926
"Vriezenveen",10643,1879,3682
"Vught",11224,1879,3256
"Waalre",10959,1879,866
"Waalwijk",11359,1879,3998
"Waddinxveen",10081,1879,4228
"Wageningen",11010,1879,6305
"Wassenaar",10164,1879,3542
"Wateringen",11329,1879,1792
"Weert",11081,1879,7477
"Weesp",10773,1879,3607
"Westervoort",11085,1879,1601
"Wierden",10676,1879,5979
"Wijchen",10723,1879,3471
"Wijk bij Duurstede",10760,1879,3041
"Winschoten",10453,1879,6640
"Winterswijk",11119,1879,8073
"Woerden",10974,1879,4261
"Wormer",10648,1879,1645
"Wormerveer",10361,1879,3883
"Woudenberg",11398,1879,2291
"Zaandam",11044,1879,13171
"Zaltbommel",10557,1879,3812
"Zandvoort",10910,1879,1973
"Zoetermeer",10185,1879,1518
"Zeist",10324,1879,5815
"Zevenaar",10938,1879,4066
"Zevenbergen",10046,1879,6462
"Zierikzee",10843,1879,7139
"Zuidlaren",10002,1879,3046
"Zutphen",10254,1879,14822
"Zwaag",10218,1879,1135
"Zwijndrecht",10468,1879,3313
"Zwolle",10093,1879,22759
"Aalsmeer",11264,1889,4485
"Aalten",11046,1889,6781
"Alblasserdam",11327,1889,4714
"Alkmaar",10527,1889,15698
"Almelo",11053,1889,8018
"Alphen aan den Rijn",10517,1889,4054
"Hardenberg",10174,1889,7781
"Amersfoort",10948,1889,15373
"Amsterdam",11150,1889,407483
"Apeldoorn",11075,1889,19272
"Appingedam",10886,1889,4208
"Arnhem",10795,1889,49712
"Assen",10522,1889,9127
"Assendelft",11373,1889,3482
"Asten",10478,1889,3333
"Dedemsvaart",11190,1889,6344
"Baarn",11411,1889,5159
"Barendrecht",10943,1889,3262
"Barneveld",10906,1889,7095
"Voorthuizen",10906,1889,7095
"Beek",11374,1889,2776
"Reuver",10195,1889,1923
"Beilen",10520,1889,4508
"Bemmel",10744,1889,5648
"Schoonhoven",10962,1889,2903
"Bergen",11424,1889,1446
"Bergen op Zoom",11037,1889,12665
"Bergeijk",11160,1889,1731
"Bergschenhoek",10445,1889,1132
"Berkel en Rodenrijs",10139,1889,1560
"Berkel-Enschot",11132,1889,1198
"Best",10442,1889,2315
"Beuningen",10417,1889,2196
"Beverwijk",10272,1889,4112
"Bladel",11006,1889,1341
"Bleiswijk",10994,1889,1636
"Bodegraven",11091,1889,3755
"Borne",10326,1889,4459
"Boskoop",10419,1889,2806
"Bovenkarspel",10945,1889,1692
"Boxmeer",11227,1889,2326
"Boxtel",10083,1889,6081
"Breda",10154,1889,21047
"Breukelen",11149,1889,858
"Brielle",10232,1889,4285
"Eerbeek",10798,1889,7192
"Brunssum",10533,1889,1115
"Bunschoten Spakenburg",11343,1889,2349
"Bussum",10281,1889,3393
"Capelle aan den IJssel",11248,1889,3311
"Castricum",11287,1889,1665
"Coevorden",10383,1889,3126
"Cuijk",10023,1889,2611
"Culemborg",10342,1889,7655
"Dalfsen",11007,1889,5306
"De Bilt",10168,1889,2678
"Bilthoven",10168,1889,2678
"Delft",10928,1889,28444
"Delfzijl",10976,1889,6582
"De Lier",10241,1889,1202
"Den Helder",10285,1889,20437
"Julianadorp",10285,1889,20437
"Deurne",10379,1889,5480
"Deventer",10899,1889,22904
"Werkendam",10116,1889,2622
"Didam",10153,1889,3944
"Diemen",11039,1889,1676
"Doesburg",10327,1889,4456
"Doetinchem",10396,1889,3151
"Dokkum",10198,1889,4052
"Dongen",11412,1889,4799
"Doorn",10213,1889,1857
"Dordrecht",11157,1889,32618
"Driebergen-Rijsenburg",10777,1889,2500
"Drunen",10428,1889,2895
"Druten",10068,1889,4382
"Duiven",11028,1889,2903
"Echt",10941,1889,4909
"Volendam",10884,1889,6325
"Ede",10743,1889,13094
"Lunteren",10743,1889,13094
"Bennekom",10743,1889,13094
"Eibergen",10436,1889,5032
"Eindhoven",11298,1889,4553
"Elburg",11113,1889,2715
"Elst",11188,1889,6121
"Emmen",11180,1889,14406
"Klazienaveen",11180,1889,14406
"Enkhuizen",10729,1889,6328
"Enschede",10364,1889,15222
"Epe",10940,1889,8000
"Vaassen",10940,1889,8000
"Ermelo",10732,1889,5730
"Nunspeet",10732,1889,5730
"Etten-Leur",10750,1889,6148
"Franeker",11226,1889,7196
"Geldermalsen",10881,1889,2838
"Geldrop",10529,1889,2582
"Geleen",10048,1889,2384
"Gemert",10277,1889,4827
"Ulft",10260,1889,5798
"Genemuiden",10746,1889,2887
"Rijen",11375,1889,3204
"Goes",10674,1889,6564
"Goirle",10971,1889,2062
"Goor",10076,1889,2846
"Gorinchem",10942,1889,11871
"Gouda",10302,1889,19699
"Groesbeek",10616,1889,5010
"Groningen",10426,1889,56018
"Haaksbergen",11435,1889,4873
"Haarlem",10357,1889,48544
"Hoofddorp",11387,1889,15287
"Nieuw Vennep",11387,1889,15287
"Badhoevedorp",11387,1889,15287
"Halsteren",10387,1889,3012
"Harderwijk",10786,1889,7298
"Hardinxveld Giessendam",10167,1889,4871
"Haren",11058,1889,3864
"Harlingen",10909,1889,10193
"Joure",10022,1889,7528
"Hattem",10673,1889,2844
"Heemskerk",10679,1889,1987
"Heemstede",11288,1889,3748
"Heerde",10291,1889,5525
"Heerhugowaard",10752,1889,2744
"Heerlen",10902,1889,5350
"Heesch",10149,1889,2102
"Heiloo",10793,1889,1624
"Nijverdal",10806,1889,6263
"Helmond",10932,1889,9026
"Hendrik Ido Ambacht",10416,1889,2955
"Hengelo",10907,1889,13744
"Malden",10600,1889,1595
"Hillegom",11236,1889,3781
"Hilversum",11285,1889,12453
"Hoensbroek",11177,1889,1203
"Hoogeveen",10839,1889,11694
"Hoogezand",10410,1889,8661
"Hoogland",10545,1889,2243
"Hoorn",11392,1889,11031
"Horst",11108,1889,4184
"Houten",10230,1889,1763
"Huissen",11047,1889,4074
"Huizen",11170,1889,4421
"Hulst",11408,1889,2415
"IJsselmuiden",10641,1889,2154
"IJsselstein",10152,1889,3466
"Nieuwegein",10374,1889,2628
"Kampen",10253,1889,18686
"Katwijk",10707,1889,6928
"Kerkrade",10313,1889,7017
"Koog aan de Zaan",10776,1889,2708
"Krimpen aan den IJssel",10859,1889,2145
"Krommenie",10373,1889,2675
"Laren",10649,1889,5995
"Leek",10604,1889,4951
"Leerdam",10685,1889,4082
"Leeuwarden",11228,1889,30416
"Leiden",10702,1889,43363
"Leiderdorp",10058,1889,3850
"Lemmer",10142,1889,5808
"Leusden",10978,1889,1775
"Lichtenvoorde",10242,1889,4253
"Lisse",10197,1889,2673
"Lochem",11263,1889,3552
"Oldenzaal",11045,1889,7328
"Kaatsheuvel",11259,1889,7208
"Losser",11166,1889,4711
"Maarssen",10874,1889,1416
"Maassluis",10880,1889,6454
"Maastricht",10182,1889,32070
"Made",10258,1889,3570
"Meppel",11204,1889,8898
"Middelburg",10122,1889,16473
"Mijdrecht",11379,1889,3772
"Monster",10019,1889,4489
"Naaldwijk",11418,1889,4971
"Naarden",10187,1889,3189
"Nederweert",10681,1889,4806
"Landgraaf",10088,1889,1154
"Amstelveen",10799,1889,24896
"Nieuwerkerk aan den IJssel",10855,1889,2372
"Hellevoetsluis",10264,1889,1521
"Nijkerk",10446,1889,7756
"Nijmegen",11209,1889,32089
"Noordwijk",10769,1889,4379
"Noordwijkerhout",11134,1889,1617
"Nootdorp",10601,1889,722
"Nuenen",10761,1889,2556
"Oegstgeest",10287,1889,3831
"Oirschot",10225,1889,3897
"Oisterwijk",10103,1889,3023
"Wezep",11106,1889,5300
"Ommen",11069,1889,1797
"Stadskanaal",10610,1889,8945
"Oost-Souburg",11396,1889,1537
"Oosterhout",11280,1889,10665
"Oss",10834,1889,7549
"Oud Beijerland",11301,1889,5290
"Oudenbosch",10397,1889,4376
"Valkenburg",10868,1889,590
"Papendrecht",10427,1889,2993
"Pijnacker",10031,1889,1572
"Hoogvliet",11395,1889,1192
"Prinsenbeek",10762,1889,7090
"Purmerend",11066,1889,5547
"Putten",11109,1889,5069
"Raalte",10279,1889,5694
"Raamsdonksveer",11391,1889,4898
"Wolvega",10330,1889,2933
"Oosterwolde",10330,1889,2933
"Burgum",10330,1889,2933
"Oosterbeek",11325,1889,7095
"Velp",11355,1889,13806
"Dieren",11355,1889,13806
"Rhenen",10309,1889,5118
"Rhoon",10903,1889,1698
"Ridderkerk",10646,1889,7750
"Rijnsburg",11118,1889,2295
"Rijssen",10358,1889,4778
"Rijswijk",11133,1889,2610
"Roden",10699,1889,2805
"Roermond",11313,1889,11298
"Roosendaal",10407,1889,11311
"Rosmalen",10970,1889,3146
"Rotterdam",10345,1889,212466
"Rozenburg",11314,1889,2005
"Sassenheim",10612,1889,1419
"Schagen",10511,1889,3107
"Schiedam",11260,1889,25528
"Schijndel",11178,1889,5479
"Heerenveen",10680,1889,14084
"Den Haag",11434,1889,156761
"s-Gravenzande",10640,1889,5048
"Den Bosch",10054,1889,27125
"Sint Michielsgestel",10496,1889,3469
"Sint Oedenrode",10399,1889,4536
"Sittard",11230,1889,5631
"Sliedrecht",11331,1889,9888
"Drachten",10405,1889,10259
"Sneek",11421,1889,11458
"Soest",11021,1889,3776
"Someren",10203,1889,2951
"Son",10549,1889,1546
"Spijkenisse",10735,1889,2067
"Staphorst",11362,1889,5332
"Steenbergen",10731,1889,6837
"Steenwijk",10546,1889,5342
"Stein",11319,1889,1922
"Tegelen",11333,1889,3577
"Terneuzen",10704,1889,6244
"Tiel",10027,1889,9891
"Tilburg",10792,1889,33903
"Uden",11141,1889,5709
"Uitgeest",11238,1889,2659
"Uithoorn",11206,1889,2183
"Urk",10783,1889,2596
"Utrecht",10722,1889,84308
"Valkenswaard",11031,1889,1831
"Veendam",11292,1889,10267
"Veenendaal",11052,1889,4650
"Veghel",10985,1889,5841
"Veldhoven",10071,1889,1305
"De Meern",10713,1889,366
"IJmuiden",10620,1889,6769
"Velserbroek",10620,1889,6769
"Venlo",10477,1889,11322
"Venray",11222,1889,5725
"Leidschendam",10366,1889,1077
"Vianen",10887,1889,3466
"Vlaardingen",10811,1889,12618
"Vleuten",10658,1889,1311
"Vlijmen",11293,1889,3455
"Vlissingen",10270,1889,13163
"Voorburg",11103,1889,3259
"Voorhout",10017,1889,1293
"Voorschoten",10537,1889,2461
"Twello",10912,1889,9286
"Vriezenveen",10643,1889,3853
"Vught",11224,1889,5087
"Waalre",10959,1889,884
"Waalwijk",11359,1889,4389
"Waddinxveen",10081,1889,4348
"Wageningen",11010,1889,7638
"Wassenaar",10164,1889,3397
"Wateringen",11329,1889,1822
"Weert",11081,1889,7969
"Weesp",10773,1889,5206
"Westervoort",11085,1889,1679
"Wierden",10676,1889,6064
"Wijchen",10723,1889,3876
"Wijk bij Duurstede",10760,1889,3115
"Winschoten",10453,1889,7812
"Winterswijk",11119,1889,9246
"Woerden",10974,1889,4668
"Wormer",10648,1889,1748
"Wormerveer",10361,1889,4818
"Woudenberg",11398,1889,2492
"Zaandam",11044,1889,15276
"Zaltbommel",10557,1889,3975
"Zandvoort",10910,1889,2588
"Zoetermeer",10185,1889,1508
"Zeist",10324,1889,6819
"Zevenaar",10938,1889,4253
"Zevenbergen",10046,1889,6552
"Zierikzee",10843,1889,7060
"Zuidlaren",10002,1889,2188
"Zutphen",10254,1889,17185
"Zwaag",10218,1889,1129
"Zwijndrecht",10468,1889,5100
"Zwolle",10093,1889,26372
"Aalsmeer",11264,1899,4727
"Aalten",11046,1899,7426
"Alblasserdam",11327,1899,5297
"Alkmaar",10527,1899,18275
"Almelo",11053,1899,11204
"Alphen aan den Rijn",10517,1899,4710
"Hardenberg",10174,1899,8440
"Amersfoort",10948,1899,19089
"Amsterdam",11150,1899,498983
"Apeldoorn",11075,1899,26413
"Appingedam",10886,1899,4348
"Arnhem",10795,1899,56812
"Assen",10522,1899,11191
"Assendelft",11373,1899,3411
"Asten",10478,1899,3501
"Dedemsvaart",11190,1899,13033
"Baarn",11411,1899,6957
"Barendrecht",10943,1899,3186
"Barneveld",10906,1899,7846
"Voorthuizen",10906,1899,7846
"Beek",11374,1899,2872
"Reuver",10195,1899,2071
"Beilen",10520,1899,5652
"Bemmel",10744,1899,5753
"Schoonhoven",10962,1899,3046
"Bergen",11424,1899,1565
"Bergen op Zoom",11037,1899,15649
"Bergeijk",11160,1899,1933
"Bergschenhoek",10445,1899,1188
"Berkel en Rodenrijs",10139,1899,1834
"Berkel-Enschot",11132,1899,1371
"Best",10442,1899,2494
"Beuningen",10417,1899,2336
"Beverwijk",10272,1899,5329
"Bladel",11006,1899,1408
"Bleiswijk",10994,1899,1567
"Bodegraven",11091,1899,4264
"Borne",10326,1899,5074
"Boskoop",10419,1899,4364
"Bovenkarspel",10945,1899,1856
"Boxmeer",11227,1899,2397
"Boxtel",10083,1899,6743
"Breda",10154,1899,26096
"Breukelen",11149,1899,805
"Brielle",10232,1899,5182
"Eerbeek",10798,1899,7304
"Brunssum",10533,1899,1202
"Bunschoten Spakenburg",11343,1899,2841
"Bussum",10281,1899,7037
"Capelle aan den IJssel",11248,1899,4124
"Castricum",11287,1899,1869
"Coevorden",10383,1899,3545
"Cuijk",10023,1899,2793
"Culemborg",10342,1899,8280
"Dalfsen",11007,1899,5438
"De Bilt",10168,1899,2994
"Bilthoven",10168,1899,2994
"Delft",10928,1899,31589
"Delfzijl",10976,1899,7395
"De Lier",10241,1899,1220
"Den Helder",10285,1899,25159
"Julianadorp",10285,1899,25159
"Deurne",10379,1899,6459
"Deventer",10899,1899,26212
"Werkendam",10116,1899,2877
"Didam",10153,1899,4163
"Diemen",11039,1899,1434
"Doesburg",10327,1899,4442
"Doetinchem",10396,1899,3917
"Dokkum",10198,1899,4105
"Dongen",11412,1899,5875
"Doorn",10213,1899,2182
"Dordrecht",11157,1899,38386
"Driebergen-Rijsenburg",10777,1899,3270
"Drunen",10428,1899,2895
"Druten",10068,1899,4559
"Duiven",11028,1899,2881
"Echt",10941,1899,5531
"Volendam",10884,1899,6444
"Ede",10743,1899,15195
"Lunteren",10743,1899,15195
"Bennekom",10743,1899,15195
"Eibergen",10436,1899,5172
"Eindhoven",11298,1899,4930
"Elburg",11113,1899,2662
"Elst",11188,1899,6284
"Emmen",11180,1899,19425
"Klazienaveen",11180,1899,19425
"Enkhuizen",10729,1899,7648
"Enschede",10364,1899,24353
"Epe",10940,1899,8291
"Vaassen",10940,1899,8291
"Ermelo",10732,1899,8350
"Nunspeet",10732,1899,8350
"Etten-Leur",10750,1899,6661
"Franeker",11226,1899,7114
"Geldermalsen",10881,1899,3265
"Geldrop",10529,1899,2522
"Geleen",10048,1899,2545
"Gemert",10277,1899,4387
"Ulft",10260,1899,6611
"Genemuiden",10746,1899,2791
"Rijen",11375,1899,3564
"Goes",10674,1899,6923
"Goirle",10971,1899,2543
"Goor",10076,1899,3095
"Gorinchem",10942,1899,11855
"Gouda",10302,1899,23610
"Groesbeek",10616,1899,5897
"Groningen",10426,1899,72234
"Haaksbergen",11435,1899,5096
"Haarlem",10357,1899,76137
"Hoofddorp",11387,1899,16560
"Nieuw Vennep",11387,1899,16560
"Badhoevedorp",11387,1899,16560
"Halsteren",10387,1899,3302
"Harderwijk",10786,1899,7327
"Hardinxveld Giessendam",10167,1899,5155
"Haren",11058,1899,5122
"Harlingen",10909,1899,10267
"Joure",10022,1899,7504
"Hattem",10673,1899,3162
"Heemskerk",10679,1899,2316
"Heemstede",11288,1899,4722
"Heerde",10291,1899,5834
"Heerhugowaard",10752,1899,2785
"Heerlen",10902,1899,6312
"Heesch",10149,1899,2173
"Heiloo",10793,1899,1883
"Nijverdal",10806,1899,7508
"Helmond",10932,1899,12497
"Hendrik Ido Ambacht",10416,1899,3030
"Hengelo",10907,1899,18447
"Malden",10600,1899,1570
"Hillegom",11236,1899,5361
"Hilversum",11285,1899,20802
"Hoensbroek",11177,1899,1338
"Hoogeveen",10839,1899,11924
"Hoogezand",10410,1899,9788
"Hoogland",10545,1899,2336
"Hoorn",11392,1899,10714
"Horst",11108,1899,4569
"Houten",10230,1899,1978
"Huissen",11047,1899,4580
"Huizen",11170,1899,4647
"Hulst",11408,1899,2804
"IJsselmuiden",10641,1899,2434
"IJsselstein",10152,1899,3622
"Nieuwegein",10374,1899,2511
"Kampen",10253,1899,19664
"Katwijk",10707,1899,8164
"Kerkrade",10313,1899,9389
"Koog aan de Zaan",10776,1899,3031
"Krimpen aan den IJssel",10859,1899,2731
"Krommenie",10373,1899,3098
"Laren",10649,1899,6109
"Leek",10604,1899,5202
"Leerdam",10685,1899,5042
"Leeuwarden",11228,1899,37068
"Leiden",10702,1899,53657
"Leiderdorp",10058,1899,1941
"Lemmer",10142,1899,6085
"Leusden",10978,1899,2053
"Lichtenvoorde",10242,1899,4369
"Lisse",10197,1899,3860
"Lochem",11263,1899,4031
"Oldenzaal",11045,1899,10951
"Kaatsheuvel",11259,1899,7665
"Losser",11166,1899,7404
"Maarssen",10874,1899,1384
"Maassluis",10880,1899,7802
"Maastricht",10182,1899,34220
"Made",10258,1899,3746
"Meppel",11204,1899,10909
"Middelburg",10122,1899,18837
"Mijdrecht",11379,1899,4252
"Monster",10019,1899,4856
"Naaldwijk",11418,1899,5048
"Naarden",10187,1899,3636
"Nederweert",10681,1899,5134
"Landgraaf",10088,1899,1382
"Amstelveen",10799,1899,5226
"Nieuwerkerk aan den IJssel",10855,1899,2464
"Hellevoetsluis",10264,1899,2308
"Nijkerk",10446,1899,8124
"Nijmegen",11209,1899,42756
"Noordwijk",10769,1899,5169
"Noordwijkerhout",11134,1899,2085
"Nootdorp",10601,1899,739
"Nuenen",10761,1899,2403
"Oegstgeest",10287,1899,3109
"Oirschot",10225,1899,3920
"Oisterwijk",10103,1899,3291
"Wezep",11106,1899,6115
"Ommen",11069,1899,1586
"Stadskanaal",10610,1899,10898
"Oost-Souburg",11396,1899,2295
"Oosterhout",11280,1899,11545
"Oss",10834,1899,7753
"Oud Beijerland",11301,1899,5318
"Oudenbosch",10397,1899,4973
"Valkenburg",10868,1899,753
"Papendrecht",10427,1899,3422
"Pijnacker",10031,1899,1740
"Hoogvliet",11395,1899,1098
"Prinsenbeek",10762,1899,8935
"Purmerend",11066,1899,5695
"Putten",11109,1899,5485
"Raalte",10279,1899,5874
"Raamsdonksveer",11391,1899,5567
"Wolvega",10330,1899,2816
"Oosterwolde",10330,1899,2816
"Burgum",10330,1899,2816
"Oosterbeek",11325,1899,8235
"Velp",11355,1899,15814
"Dieren",11355,1899,15814
"Rhenen",10309,1899,5545
"Rhoon",10903,1899,1668
"Ridderkerk",10646,1899,8378
"Rijnsburg",11118,1899,2459
"Rijssen",10358,1899,5487
"Rijswijk",11133,1899,3328
"Roden",10699,1899,3216
"Roermond",11313,1899,12348
"Roosendaal",10407,1899,13720
"Rosmalen",10970,1899,3436
"Rotterdam",10345,1899,318507
"Rozenburg",11314,1899,1961
"Sassenheim",10612,1899,1957
"Schagen",10511,1899,2874
"Schiedam",11260,1899,27126
"Schijndel",11178,1899,5539
"Heerenveen",10680,1899,14557
"Den Haag",11434,1899,206022
"s-Gravenzande",10640,1899,5714
"Den Bosch",10054,1899,33529
"Sint Michielsgestel",10496,1899,3714
"Sint Oedenrode",10399,1899,4441
"Sittard",11230,1899,6232
"Sliedrecht",11331,1899,10292
"Drachten",10405,1899,11490
"Sneek",11421,1899,12075
"Soest",11021,1899,4363
"Someren",10203,1899,3013
"Son",10549,1899,1543
"Spijkenisse",10735,1899,1994
"Staphorst",11362,1899,5962
"Steenbergen",10731,1899,7537
"Steenwijk",10546,1899,6754
"Stein",11319,1899,2076
"Tegelen",11333,1899,4948
"Terneuzen",10704,1899,8735
"Tiel",10027,1899,10788
"Tilburg",10792,1899,50612
"Uden",11141,1899,5839
"Uitgeest",11238,1899,2664
"Uithoorn",11206,1899,2243
"Urk",10783,1899,3845
"Utrecht",10722,1899,117088
"Valkenswaard",11031,1899,2337
"Veendam",11292,1899,10996
"Veenendaal",11052,1899,5345
"Veghel",10985,1899,5771
"Veldhoven",10071,1899,1371
"De Meern",10713,1899,429
"IJmuiden",10620,1899,10789
"Velserbroek",10620,1899,10789
"Venlo",10477,1899,14399
"Venray",11222,1899,6625
"Leidschendam",10366,1899,1172
"Vianen",10887,1899,3465
"Vlaardingen",10811,1899,16661
"Vleuten",10658,1899,1587
"Vlijmen",11293,1899,3440
"Vlissingen",10270,1899,20340
"Voorburg",11103,1899,4126
"Voorhout",10017,1899,1571
"Voorschoten",10537,1899,2794
"Twello",10912,1899,10087
"Vriezenveen",10643,1899,4252
"Vught",11224,1899,5573
"Waalre",10959,1899,956
"Waalwijk",11359,1899,4927
"Waddinxveen",10081,1899,4278
"Wageningen",11010,1899,9027
"Wassenaar",10164,1899,3619
"Wateringen",11329,1899,1941
"Weert",11081,1899,10316
"Weesp",10773,1899,6683
"Westervoort",11085,1899,1820
"Wierden",10676,1899,6526
"Wijchen",10723,1899,4084
"Wijk bij Duurstede",10760,1899,3186
"Winschoten",10453,1899,10100
"Winterswijk",11119,1899,10915
"Woerden",10974,1899,5178
"Wormer",10648,1899,1917
"Wormerveer",10361,1899,7113
"Woudenberg",11398,1899,2518
"Zaandam",11044,1899,21558
"Zaltbommel",10557,1899,3985
"Zandvoort",10910,1899,3168
"Zoetermeer",10185,1899,1554
"Zeist",10324,1899,8846
"Zevenaar",10938,1899,4361
"Zevenbergen",10046,1899,7067
"Zierikzee",10843,1899,6818
"Zuidlaren",10002,1899,2771
"Zutphen",10254,1899,18381
"Zwaag",10218,1899,1095
"Zwijndrecht",10468,1899,5723
"Zwolle",10093,1899,30560
"Aalsmeer",11264,1909,5082
"Aalten",11046,1909,8876
"Alblasserdam",11327,1909,6130
"Alkmaar",10527,1909,21084
"Almelo",11053,1909,10387
"Alphen aan den Rijn",10517,1909,5981
"Hardenberg",10174,1909,9778
"Amersfoort",10948,1909,23620
"Amsterdam",11150,1909,566131
"Apeldoorn",11075,1909,35572
"Appingedam",10886,1909,5261
"Arnhem",10795,1909,63990
"Assen",10522,1909,12905
"Assendelft",11373,1909,3302
"Asten",10478,1909,3672
"Dedemsvaart",11190,1909,7907
"Baarn",11411,1909,8952
"Barendrecht",10943,1909,3416
"Barneveld",10906,1909,9319
"Voorthuizen",10906,1909,9319
"Beek",11374,1909,3132
"Reuver",10195,1909,2761
"Beilen",10520,1909,5449
"Bemmel",10744,1909,5632
"Schoonhoven",10962,1909,3227
"Bergen",11424,1909,2236
"Bergen op Zoom",11037,1909,15512
"Bergeijk",11160,1909,2222
"Bergschenhoek",10445,1909,1370
"Berkel en Rodenrijs",10139,1909,2497
"Berkel-Enschot",11132,1909,1539
"Best",10442,1909,2841
"Beuningen",10417,1909,2620
"Beverwijk",10272,1909,6614
"Bladel",11006,1909,1557
"Bleiswijk",10994,1909,1728
"Bodegraven",11091,1909,5148
"Borne",10326,1909,5684
"Boskoop",10419,1909,5944
"Bovenkarspel",10945,1909,2309
"Boxmeer",11227,1909,2509
"Boxtel",10083,1909,7847
"Breda",10154,1909,27389
"Breukelen",11149,1909,813
"Brielle",10232,1909,3796
"Eerbeek",10798,1909,7642
"Brunssum",10533,1909,1446
"Bunschoten Spakenburg",11343,1909,3268
"Bussum",10281,1909,12808
"Capelle aan den IJssel",11248,1909,5006
"Castricum",11287,1909,2813
"Coevorden",10383,1909,5067
"Cuijk",10023,1909,2958
"Culemborg",10342,1909,8965
"Dalfsen",11007,1909,5756
"De Bilt",10168,1909,4095
"Bilthoven",10168,1909,4095
"Delft",10928,1909,34191
"Delfzijl",10976,1909,8568
"De Lier",10241,1909,1325
"Den Helder",10285,1909,27159
"Julianadorp",10285,1909,27159
"Deurne",10379,1909,7072
"Deventer",10899,1909,27783
"Werkendam",10116,1909,3210
"Didam",10153,1909,4705
"Diemen",11039,1909,2335
"Doesburg",10327,1909,4460
"Doetinchem",10396,1909,4418
"Dokkum",10198,1909,3932
"Dongen",11412,1909,6638
"Doorn",10213,1909,2849
"Dordrecht",11157,1909,46355
"Driebergen-Rijsenburg",10777,1909,4104
"Drunen",10428,1909,2904
"Druten",10068,1909,4873
"Duiven",11028,1909,3144
"Echt",10941,1909,6662
"Volendam",10884,1909,6623
"Ede",10743,1909,19150
"Lunteren",10743,1909,19150
"Bennekom",10743,1909,19150
"Eibergen",10436,1909,5633
"Eindhoven",11298,1909,5665
"Elburg",11113,1909,2742
"Elst",11188,1909,6947
"Emmen",11180,1909,27465
"Klazienaveen",11180,1909,27465
"Enkhuizen",10729,1909,7748
"Enschede",10364,1909,34098
"Epe",10940,1909,9430
"Vaassen",10940,1909,9430
"Ermelo",10732,1909,9364
"Nunspeet",10732,1909,9364
"Etten-Leur",10750,1909,7649
"Franeker",11226,1909,7642
"Geldermalsen",10881,1909,3570
"Geldrop",10529,1909,2757
"Geleen",10048,1909,2901
"Gemert",10277,1909,4457
"Ulft",10260,1909,7926
"Genemuiden",10746,1909,2992
"Rijen",11375,1909,4328
"Goes",10674,1909,7620
"Goirle",10971,1909,3013
"Goor",10076,1909,3201
"Gorinchem",10942,1909,12200
"Gouda",10302,1909,24574
"Groesbeek",10616,1909,6759
"Groningen",10426,1909,74609
"Haaksbergen",11435,1909,5494
"Haarlem",10357,1909,69410
"Hoofddorp",11387,1909,19440
"Nieuw Vennep",11387,1909,19440
"Badhoevedorp",11387,1909,19440
"Halsteren",10387,1909,4125
"Harderwijk",10786,1909,7289
"Hardinxveld Giessendam",10167,1909,5691
"Haren",11058,1909,5916
"Harlingen",10909,1909,10209
"Joure",10022,1909,7956
"Hattem",10673,1909,3598
"Heemskerk",10679,1909,2856
"Heemstede",11288,1909,7074
"Heerde",10291,1909,6557
"Heerhugowaard",10752,1909,3320
"Heerlen",10902,1909,11021
"Heesch",10149,1909,2370
"Heiloo",10793,1909,2299
"Nijverdal",10806,1909,9000
"Helmond",10932,1909,14754
"Hendrik Ido Ambacht",10416,1909,4162
"Hengelo",10907,1909,23941
"Malden",10600,1909,1608
"Hillegom",11236,1909,7976
"Hilversum",11285,1909,31458
"Hoensbroek",11177,1909,1565
"Hoogeveen",10839,1909,12639
"Hoogezand",10410,1909,10644
"Hoogland",10545,1909,2523
"Hoorn",11392,1909,11016
"Horst",11108,1909,5419
"Houten",10230,1909,2075
"Huissen",11047,1909,4362
"Huizen",11170,1909,5291
"Hulst",11408,1909,3274
"IJsselmuiden",10641,1909,2434
"IJsselstein",10152,1909,4024
"Nieuwegein",10374,1909,3122
"Kampen",10253,1909,19745
"Katwijk",10707,1909,10417
"Kerkrade",10313,1909,10625
"Koog aan de Zaan",10776,1909,3404
"Krimpen aan den IJssel",10859,1909,3390
"Krommenie",10373,1909,3748
"Laren",10649,1909,7505
"Leek",10604,1909,6027
"Leerdam",10685,1909,6717
"Leeuwarden",11228,1909,36491
"Leiden",10702,1909,58253
"Leiderdorp",10058,1909,2357
"Lemmer",10142,1909,6595
"Leusden",10978,1909,2775
"Lichtenvoorde",10242,1909,4626
"Lisse",10197,1909,5479
"Lochem",11263,1909,4730
"Oldenzaal",11045,1909,17577
"Kaatsheuvel",11259,1909,7817
"Losser",11166,1909,10099
"Maarssen",10874,1909,1387
"Maassluis",10880,1909,9175
"Maastricht",10182,1909,37483
"Made",10258,1909,4240
"Meppel",11204,1909,11000
"Middelburg",10122,1909,19564
"Mijdrecht",11379,1909,3744
"Monster",10019,1909,5784
"Naaldwijk",11418,1909,6403
"Naarden",10187,1909,3874
"Nederweert",10681,1909,5653
"Landgraaf",10088,1909,2163
"Amstelveen",10799,1909,6206
"Nieuwerkerk aan den IJssel",10855,1909,2840
"Hellevoetsluis",10264,1909,2507
"Nijkerk",10446,1909,8528
"Nijmegen",11209,1909,54803
"Noordwijk",10769,1909,6302
"Noordwijkerhout",11134,1909,2941
"Nootdorp",10601,1909,823
"Nuenen",10761,1909,2462
"Oegstgeest",10287,1909,4502
"Oirschot",10225,1909,4065
"Oisterwijk",10103,1909,3573
"Wezep",11106,1909,6492
"Ommen",11069,1909,1790
"Stadskanaal",10610,1909,13687
"Oost-Souburg",11396,1909,3121
"Oosterhout",11280,1909,12563
"Oss",10834,1909,8429
"Oud Beijerland",11301,1909,6056
"Oudenbosch",10397,1909,5533
"Valkenburg",10868,1909,898
"Papendrecht",10427,1909,3974
"Pijnacker",10031,1909,1981
"Hoogvliet",11395,1909,1609
"Prinsenbeek",10762,1909,10876
"Purmerend",11066,1909,5798
"Putten",11109,1909,6471
"Raalte",10279,1909,6518
"Raamsdonksveer",11391,1909,6204
"Wolvega",10330,1909,2769
"Oosterwolde",10330,1909,2769
"Burgum",10330,1909,2769
"Oosterbeek",11325,1909,9421
"Velp",11355,1909,18432
"Dieren",11355,1909,18432
"Rhenen",10309,1909,5997
"Rhoon",10903,1909,1808
"Ridderkerk",10646,1909,9373
"Rijnsburg",11118,1909,3058
"Rijssen",10358,1909,5979
"Rijswijk",11133,1909,5573
"Roden",10699,1909,3702
"Roermond",11313,1909,13852
"Roosendaal",10407,1909,16716
"Rosmalen",10970,1909,3801
"Rotterdam",10345,1909,417989
"Rozenburg",11314,1909,2163
"Sassenheim",10612,1909,2945
"Schagen",10511,1909,3038
"Schiedam",11260,1909,32024
"Schijndel",11178,1909,5983
"Heerenveen",10680,1909,15298
"Den Haag",11434,1909,271280
"s-Gravenzande",10640,1909,7794
"Den Bosch",10054,1909,34905
"Sint Michielsgestel",10496,1909,3907
"Sint Oedenrode",10399,1909,4894
"Sittard",11230,1909,7244
"Sliedrecht",11331,1909,11045
"Drachten",10405,1909,12490
"Sneek",11421,1909,12997
"Soest",11021,1909,5206
"Someren",10203,1909,3024
"Son",10549,1909,1549
"Spijkenisse",10735,1909,2190
"Staphorst",11362,1909,5964
"Steenbergen",10731,1909,8557
"Steenwijk",10546,1909,6127
"Stein",11319,1909,2217
"Tegelen",11333,1909,5772
"Terneuzen",10704,1909,9329
"Tiel",10027,1909,10825
"Tilburg",10792,1909,50405
"Uden",11141,1909,5993
"Uitgeest",11238,1909,2851
"Uithoorn",11206,1909,2622
"Urk",10783,1909,2674
"Utrecht",10722,1909,119006
"Valkenswaard",11031,1909,3247
"Veendam",11292,1909,12195
"Veenendaal",11052,1909,6015
"Veghel",10985,1909,6116
"Veldhoven",10071,1909,1637
"De Meern",10713,1909,511
"IJmuiden",10620,1909,18232
"Velserbroek",10620,1909,18232
"Venlo",10477,1909,17102
"Venray",11222,1909,7996
"Leidschendam",10366,1909,1447
"Vianen",10887,1909,3296
"Vlaardingen",10811,1909,21885
"Vleuten",10658,1909,1755
"Vlijmen",11293,1909,3641
"Vlissingen",10270,1909,21363
"Voorburg",11103,1909,4881
"Voorhout",10017,1909,2125
"Voorschoten",10537,1909,3307
"Twello",10912,1909,10766
"Vriezenveen",10643,1909,5190
"Vught",11224,1909,6703
"Waalre",10959,1909,1102
"Waalwijk",11359,1909,5010
"Waddinxveen",10081,1909,5119
"Wageningen",11010,1909,9599
"Wassenaar",10164,1909,4078
"Wateringen",11329,1909,2401
"Weert",11081,1909,10090
"Weesp",10773,1909,7077
"Westervoort",11085,1909,1845
"Wierden",10676,1909,7257
"Wijchen",10723,1909,4512
"Wijk bij Duurstede",10760,1909,3130
"Winschoten",10453,1909,10202
"Winterswijk",11119,1909,13352
"Woerden",10974,1909,5754
"Wormer",10648,1909,2241
"Wormerveer",10361,1909,6965
"Woudenberg",11398,1909,2787
"Zaandam",11044,1909,24579
"Zaltbommel",10557,1909,4259
"Zandvoort",10910,1909,3794
"Zoetermeer",10185,1909,1907
"Zeist",10324,1909,12806
"Zevenaar",10938,1909,4935
"Zevenbergen",10046,1909,7732
"Zierikzee",10843,1909,5655
"Zuidlaren",10002,1909,3546
"Zutphen",10254,1909,18307
"Zwaag",10218,1909,1084
"Zwijndrecht",10468,1909,7074
"Zwolle",10093,1909,34002
"Aalsmeer",11264,1920,6294
"Aalten",11046,1920,10199
"Alblasserdam",11327,1920,6095
"Alkmaar",10527,1920,24236
"Almelo",11053,1920,24558
"Alphen aan den Rijn",10517,1920,15037
"Hardenberg",10174,1920,11469
"Amersfoort",10948,1920,31130
"Amsterdam",11150,1920,673868
"Apeldoorn",11075,1920,47995
"Appingedam",10886,1920,5998
"Arnhem",10795,1920,71599
"Assen",10522,1920,16767
"Assendelft",11373,1920,4117
"Asten",10478,1920,4412
"Dedemsvaart",11190,1920,8932
"Baarn",11411,1920,10640
"Barendrecht",10943,1920,3905
"Barneveld",10906,1920,11302
"Voorthuizen",10906,1920,11302
"Beek",11374,1920,3721
"Reuver",10195,1920,3467
"Beilen",10520,1920,6570
"Bemmel",10744,1920,6286
"Schoonhoven",10962,1920,3461
"Bergen",11424,1920,4075
"Bergen op Zoom",11037,1920,18433
"Bergeijk",11160,1920,2626
"Bergschenhoek",10445,1920,1606
"Berkel en Rodenrijs",10139,1920,3395
"Berkel-Enschot",11132,1920,1746
"Best",10442,1920,3546
"Beuningen",10417,1920,3020
"Beverwijk",10272,1920,7721
"Bladel",11006,1920,1886
"Bleiswijk",10994,1920,1939
"Bodegraven",11091,1920,5889
"Borne",10326,1920,6986
"Boskoop",10419,1920,6322
"Bovenkarspel",10945,1920,2662
"Boxmeer",11227,1920,3049
"Boxtel",10083,1920,9684
"Breda",10154,1920,29869
"Breukelen",11149,1920,2557
"Brielle",10232,1920,3799
"Eerbeek",10798,1920,8518
"Brunssum",10533,1920,9757
"Bunschoten Spakenburg",11343,1920,4060
"Bussum",10281,1920,18892
"Capelle aan den IJssel",11248,1920,6321
"Castricum",11287,1920,4498
"Coevorden",10383,1920,6640
"Cuijk",10023,1920,3505
"Culemborg",10342,1920,9277
"Dalfsen",11007,1920,6460
"De Bilt",10168,1920,6183
"Bilthoven",10168,1920,6183
"Delft",10928,1920,39415
"Delfzijl",10976,1920,9650
"De Lier",10241,1920,1807
"Den Helder",10285,1920,28818
"Julianadorp",10285,1920,28818
"Deurne",10379,1920,8278
"Deventer",10899,1920,32248
"Werkendam",10116,1920,3405
"Didam",10153,1920,5456
"Diemen",11039,1920,2121
"Doesburg",10327,1920,4672
"Doetinchem",10396,1920,11835
"Dokkum",10198,1920,3574
"Dongen",11412,1920,7711
"Doorn",10213,1920,3250
"Dordrecht",11157,1920,54093
"Driebergen-Rijsenburg",10777,1920,4594
"Drunen",10428,1920,3024
"Druten",10068,1920,5495
"Duiven",11028,1920,3459
"Echt",10941,1920,8089
"Volendam",10884,1920,7412
"Ede",10743,1920,23354
"Lunteren",10743,1920,23354
"Bennekom",10743,1920,23354
"Eibergen",10436,1920,7191
"Eindhoven",11298,1920,47946
"Elburg",11113,1920,2788
"Elst",11188,1920,7782
"Emmen",11180,1920,41043
"Klazienaveen",11180,1920,41043
"Enkhuizen",10729,1920,8567
"Enschede",10364,1920,41488
"Epe",10940,1920,11005
"Vaassen",10940,1920,11005
"Ermelo",10732,1920,12064
"Nunspeet",10732,1920,12064
"Etten-Leur",10750,1920,8552
"Franeker",11226,1920,7785
"Geldermalsen",10881,1920,4014
"Geldrop",10529,1920,3686
"Geleen",10048,1920,4478
"Gemert",10277,1920,4829
"Ulft",10260,1920,9383
"Genemuiden",10746,1920,3200
"Rijen",11375,1920,5758
"Goes",10674,1920,7952
"Goirle",10971,1920,3843
"Goor",10076,1920,3393
"Gorinchem",10942,1920,12677
"Gouda",10302,1920,26472
"Groesbeek",10616,1920,7641
"Groningen",10426,1920,90778
"Haaksbergen",11435,1920,6666
"Haarlem",10357,1920,90330
"Hoofddorp",11387,1920,23341
"Nieuw Vennep",11387,1920,23341
"Badhoevedorp",11387,1920,23341
"Halsteren",10387,1920,5028
"Harderwijk",10786,1920,8906
"Hardinxveld Giessendam",10167,1920,6177
"Haren",11058,1920,6799
"Harlingen",10909,1920,10122
"Joure",10022,1920,8163
"Hattem",10673,1920,4165
"Heemskerk",10679,1920,3711
"Heemstede",11288,1920,10483
"Heerde",10291,1920,7708
"Heerhugowaard",10752,1920,4265
"Heerlen",10902,1920,32263
"Heesch",10149,1920,2747
"Heiloo",10793,1920,3171
"Nijverdal",10806,1920,10794
"Helmond",10932,1920,19141
"Hendrik Ido Ambacht",10416,1920,4689
"Hengelo",10907,1920,30511
"Malden",10600,1920,2005
"Hillegom",11236,1920,9052
"Hilversum",11285,1920,38998
"Hoensbroek",11177,1920,7761
"Hoogeveen",10839,1920,13612
"Hoogezand",10410,1920,11172
"Hoogland",10545,1920,2882
"Hoorn",11392,1920,11492
"Horst",11108,1920,6520
"Houten",10230,1920,2251
"Huissen",11047,1920,4767
"Huizen",11170,1920,6468
"Hulst",11408,1920,3852
"IJsselmuiden",10641,1920,2626
"IJsselstein",10152,1920,4499
"Nieuwegein",10374,1920,3924
"Kampen",10253,1920,20634
"Katwijk",10707,1920,13482
"Kerkrade",10313,1920,25494
"Koog aan de Zaan",10776,1920,3614
"Krimpen aan den IJssel",10859,1920,3965
"Krommenie",10373,1920,4481
"Laren",10649,1920,10012
"Leek",10604,1920,7258
"Leerdam",10685,1920,8661
"Leeuwarden",11228,1920,43127
"Leiden",10702,1920,65694
"Leiderdorp",10058,1920,2083
"Lemmer",10142,1920,7210
"Leusden",10978,1920,1986
"Lichtenvoorde",10242,1920,6066
"Lisse",10197,1920,6650
"Lochem",11263,1920,5406
"Oldenzaal",11045,1920,21524
"Kaatsheuvel",11259,1920,9127
"Losser",11166,1920,12611
"Maarssen",10874,1920,1465
"Maassluis",10880,1920,10213
"Maastricht",10182,1920,54328
"Made",10258,1920,4946
"Meppel",11204,1920,11756
"Middelburg",10122,1920,18605
"Mijdrecht",11379,1920,4291
"Monster",10019,1920,7792
"Naaldwijk",11418,1920,8443
"Naarden",10187,1920,5093
"Nederweert",10681,1920,6168
"Landgraaf",10088,1920,3011
"Amstelveen",10799,1920,8180
"Nieuwerkerk aan den IJssel",10855,1920,3403
"Hellevoetsluis",10264,1920,2766
"Nijkerk",10446,1920,8829
"Nijmegen",11209,1920,66911
"Noordwijk",10769,1920,7901
"Noordwijkerhout",11134,1920,4370
"Nootdorp",10601,1920,1018
"Nuenen",10761,1920,2806
"Oegstgeest",10287,1920,4246
"Oirschot",10225,1920,4291
"Oisterwijk",10103,1920,4249
"Wezep",11106,1920,7389
"Ommen",11069,1920,1877
"Stadskanaal",10610,1920,17393
"Oost-Souburg",11396,1920,4134
"Oosterhout",11280,1920,13773
"Oss",10834,1920,11470
"Oud Beijerland",11301,1920,6109
"Oudenbosch",10397,1920,5877
"Valkenburg",10868,1920,1031
"Papendrecht",10427,1920,4901
"Pijnacker",10031,1920,2828
"Hoogvliet",11395,1920,2513
"Prinsenbeek",10762,1920,12634
"Purmerend",11066,1920,6098
"Putten",11109,1920,8158
"Raalte",10279,1920,7840
"Raamsdonksveer",11391,1920,6764
"Wolvega",10330,1920,2865
"Oosterwolde",10330,1920,2865
"Burgum",10330,1920,2865
"Oosterbeek",11325,1920,12138
"Velp",11355,1920,20700
"Dieren",11355,1920,20700
"Rhenen",10309,1920,6550
"Rhoon",10903,1920,2120
"Ridderkerk",10646,1920,12307
"Rijnsburg",11118,1920,3934
"Rijssen",10358,1920,7142
"Rijswijk",11133,1920,8906
"Roden",10699,1920,4409
"Roermond",11313,1920,16072
"Roosendaal",10407,1920,19354
"Rosmalen",10970,1920,4172
"Rotterdam",10345,1920,516271
"Rozenburg",11314,1920,2538
"Sassenheim",10612,1920,3754
"Schagen",10511,1920,3592
"Schiedam",11260,1920,40469
"Schijndel",11178,1920,6820
"Heerenveen",10680,1920,16441
"Den Haag",11434,1920,354987
"s-Gravenzande",10640,1920,5710
"Den Bosch",10054,1920,38446
"Sint Michielsgestel",10496,1920,4607
"Sint Oedenrode",10399,1920,5533
"Sittard",11230,1920,10454
"Sliedrecht",11331,1920,13029
"Drachten",10405,1920,14151
"Sneek",11421,1920,13527
"Soest",11021,1920,8061
"Someren",10203,1920,3401
"Son",10549,1920,1756
"Spijkenisse",10735,1920,2284
"Staphorst",11362,1920,6181
"Steenbergen",10731,1920,8979
"Steenwijk",10546,1920,6808
"Stein",11319,1920,2659
"Tegelen",11333,1920,8051
"Terneuzen",10704,1920,9762
"Tiel",10027,1920,11454
"Tilburg",10792,1920,63111
"Uden",11141,1920,6888
"Uitgeest",11238,1920,3394
"Uithoorn",11206,1920,3323
"Urk",10783,1920,2975
"Utrecht",10722,1920,140309
"Valkenswaard",11031,1920,5033
"Veendam",11292,1920,13093
"Veenendaal",11052,1920,6597
"Veghel",10985,1920,6810
"Veldhoven",10071,1920,2450
"De Meern",10713,1920,588
"IJmuiden",10620,1920,28003
"Velserbroek",10620,1920,28003
"Venlo",10477,1920,20841
"Venray",11222,1920,9756
"Leidschendam",10366,1920,2347
"Vianen",10887,1920,3369
"Vlaardingen",10811,1920,25447
"Vleuten",10658,1920,2164
"Vlijmen",11293,1920,3897
"Vlissingen",10270,1920,22511
"Voorburg",11103,1920,7452
"Voorhout",10017,1920,2578
"Voorschoten",10537,1920,4317
"Twello",10912,1920,11811
"Vriezenveen",10643,1920,6608
"Vught",11224,1920,7856
"Waalre",10959,1920,1258
"Waalwijk",11359,1920,5498
"Waddinxveen",10081,1920,6350
"Wageningen",11010,1920,11390
"Wassenaar",10164,1920,6802
"Wateringen",11329,1920,3181
"Weert",11081,1920,12215
"Weesp",10773,1920,7354
"Westervoort",11085,1920,1917
"Wierden",10676,1920,8630
"Wijchen",10723,1920,5020
"Wijk bij Duurstede",10760,1920,3120
"Winschoten",10453,1920,12855
"Winterswijk",11119,1920,15739
"Woerden",10974,1920,6663
"Wormer",10648,1920,3474
"Wormerveer",10361,1920,8110
"Woudenberg",11398,1920,2973
"Zaandam",11044,1920,28828
"Zaltbommel",10557,1920,4213
"Zandvoort",10910,1920,6529
"Zoetermeer",10185,1920,2253
"Zeist",10324,1920,17712
"Zevenaar",10938,1920,5598
"Zevenbergen",10046,1920,8409
"Zierikzee",10843,1920,6835
"Zuidlaren",10002,1920,3830
"Zutphen",10254,1920,18713
"Zwaag",10218,1920,1248
"Zwijndrecht",10468,1920,10104
"Zwolle",10093,1920,35743
"Aalsmeer",11264,1930,8567
"Aalten",11046,1930,11195
"Alblasserdam",11327,1930,6189
"Alkmaar",10527,1930,28305
"Almelo",11053,1930,32422
"Alphen aan den Rijn",10517,1930,17668
"Hardenberg",10174,1930,13123
"Amersfoort",10948,1930,38549
"Amsterdam",11150,1930,757386
"Apeldoorn",11075,1930,60452
"Appingedam",10886,1930,6488
"Arnhem",10795,1930,78234
"Assen",10522,1930,17656
"Assendelft",11373,1930,4960
"Asten",10478,1930,5677
"Dedemsvaart",11190,1930,9582
"Baarn",11411,1930,12141
"Barendrecht",10943,1930,4999
"Barneveld",10906,1930,13747
"Voorthuizen",10906,1930,13747
"Beek",11374,1930,5090
"Reuver",10195,1930,4232
"Beilen",10520,1930,8119
"Bemmel",10744,1930,7115
"Schoonhoven",10962,1930,3662
"Bergen",11424,1930,5715
"Bergen op Zoom",11037,1930,21652
"Bergeijk",11160,1930,3020
"Bergschenhoek",10445,1930,2121
"Berkel en Rodenrijs",10139,1930,4329
"Berkel-Enschot",11132,1930,2064
"Best",10442,1930,4253
"Beuningen",10417,1930,3306
"Beverwijk",10272,1930,9961
"Bladel",11006,1930,2439
"Bleiswijk",10994,1930,2211
"Bodegraven",11091,1930,6288
"Borne",10326,1930,9357
"Boskoop",10419,1930,7704
"Bovenkarspel",10945,1930,2929
"Boxmeer",11227,1930,3591
"Boxtel",10083,1930,10944
"Breda",10154,1930,44649
"Breukelen",11149,1930,888
"Brielle",10232,1930,3546
"Eerbeek",10798,1930,9203
"Brunssum",10533,1930,16036
"Bunschoten Spakenburg",11343,1930,4911
"Bussum",10281,1930,25105
"Capelle aan den IJssel",11248,1930,7972
"Castricum",11287,1930,5512
"Coevorden",10383,1930,6816
"Cuijk",10023,1930,4015
"Culemborg",10342,1930,9377
"Dalfsen",11007,1930,7318
"De Bilt",10168,1930,11151
"Bilthoven",10168,1930,11151
"Delft",10928,1930,50827
"Delfzijl",10976,1930,9666
"De Lier",10241,1930,2702
"Den Helder",10285,1930,29426
"Julianadorp",10285,1930,29426
"Deurne",10379,1930,10806
"Deventer",10899,1930,36221
"Werkendam",10116,1930,3432
"Didam",10153,1930,6140
"Diemen",11039,1930,4001
"Doesburg",10327,1930,4921
"Doetinchem",10396,1930,14329
"Dokkum",10198,1930,4895
"Dongen",11412,1930,8853
"Doorn",10213,1930,4134
"Dordrecht",11157,1930,56156
"Driebergen-Rijsenburg",10777,1930,6208
"Drunen",10428,1930,3387
"Druten",10068,1930,5890
"Duiven",11028,1930,3795
"Echt",10941,1930,9425
"Volendam",10884,1930,8295
"Ede",10743,1930,30688
"Lunteren",10743,1930,30688
"Bennekom",10743,1930,30688
"Eibergen",10436,1930,9135
"Eindhoven",11298,1930,94948
"Elburg",11113,1930,2634
"Elst",11188,1930,8701
"Emmen",11180,1930,40961
"Klazienaveen",11180,1930,40961
"Enkhuizen",10729,1930,9347
"Enschede",10364,1930,51805
"Epe",10940,1930,13410
"Vaassen",10940,1930,13410
"Ermelo",10732,1930,14718
"Nunspeet",10732,1930,14718
"Etten-Leur",10750,1930,9583
"Franeker",11226,1930,8103
"Geldermalsen",10881,1930,4565
"Geldrop",10529,1930,8953
"Geleen",10048,1930,12411
"Gemert",10277,1930,6107
"Ulft",10260,1930,10184
"Genemuiden",10746,1930,3311
"Rijen",11375,1930,7741
"Goes",10674,1930,9124
"Goirle",10971,1930,5235
"Goor",10076,1930,3828
"Gorinchem",10942,1930,14033
"Gouda",10302,1930,29163
"Groesbeek",10616,1930,7819
"Groningen",10426,1930,105146
"Haaksbergen",11435,1930,8435
"Haarlem",10357,1930,119700
"Hoofddorp",11387,1930,26829
"Nieuw Vennep",11387,1930,26829
"Badhoevedorp",11387,1930,26829
"Halsteren",10387,1930,5754
"Harderwijk",10786,1930,8661
"Hardinxveld Giessendam",10167,1930,6846
"Haren",11058,1930,7073
"Harlingen",10909,1930,10443
"Joure",10022,1930,8170
"Hattem",10673,1930,4525
"Heemskerk",10679,1930,4467
"Heemstede",11288,1930,14417
"Heerde",10291,1930,8857
"Heerhugowaard",10752,1930,4905
"Heerlen",10902,1930,46917
"Heesch",10149,1930,3115
"Heiloo",10793,1930,4934
"Nijverdal",10806,1930,13721
"Helmond",10932,1930,25435
"Hendrik Ido Ambacht",10416,1930,4805
"Hengelo",10907,1930,34338
"Malden",10600,1930,3195
"Hillegom",11236,1930,10812
"Hilversum",11285,1930,57059
"Hoensbroek",11177,1930,13618
"Hoogeveen",10839,1930,15313
"Hoogezand",10410,1930,11429
"Hoogland",10545,1930,3596
"Hoorn",11392,1930,12049
"Horst",11108,1930,7375
"Houten",10230,1930,2432
"Huissen",11047,1930,5548
"Huizen",11170,1930,8077
"Hulst",11408,1930,3914
"IJsselmuiden",10641,1930,2980
"IJsselstein",10152,1930,4866
"Nieuwegein",10374,1930,4535
"Kampen",10253,1930,19880
"Katwijk",10707,1930,15637
"Kerkrade",10313,1930,36705
"Koog aan de Zaan",10776,1930,4463
"Krimpen aan den IJssel",10859,1930,5018
"Krommenie",10373,1930,5587
"Laren",10649,1930,6513
"Leek",10604,1930,7850
"Leerdam",10685,1930,8952
"Leeuwarden",11228,1930,48548
"Leiden",10702,1930,70825
"Leiderdorp",10058,1930,2390
"Lemmer",10142,1930,7213
"Leusden",10978,1930,2335
"Lichtenvoorde",10242,1930,7404
"Lisse",10197,1930,8478
"Lochem",11263,1930,5759
"Oldenzaal",11045,1930,31129
"Kaatsheuvel",11259,1930,10258
"Losser",11166,1930,14762
"Maarssen",10874,1930,1809
"Maassluis",10880,1930,9567
"Maastricht",10182,1930,60644
"Made",10258,1930,5335
"Meppel",11204,1930,12133
"Middelburg",10122,1930,18395
"Mijdrecht",11379,1930,4615
"Monster",10019,1930,10478
"Naaldwijk",11418,1930,11757
"Naarden",10187,1930,5839
"Nederweert",10681,1930,6632
"Landgraaf",10088,1930,5217
"Amstelveen",10799,1930,12421
"Nieuwerkerk aan den IJssel",10855,1930,3782
"Hellevoetsluis",10264,1930,2414
"Nijkerk",10446,1930,9889
"Nijmegen",11209,1930,81716
"Noordwijk",10769,1930,10130
"Noordwijkerhout",11134,1930,6275
"Nootdorp",10601,1930,1411
"Nuenen",10761,1930,3988
"Oegstgeest",10287,1930,6998
"Oirschot",10225,1930,4908
"Oisterwijk",10103,1930,6356
"Wezep",11106,1930,8670
"Ommen",11069,1930,8129
"Stadskanaal",10610,1930,18079
"Oost-Souburg",11396,1930,4539
"Oosterhout",11280,1930,15109
"Oss",10834,1930,14618
"Oud Beijerland",11301,1930,6027
"Oudenbosch",10397,1930,5745
"Valkenburg",10868,1930,1136
"Papendrecht",10427,1930,5530
"Pijnacker",10031,1930,5584
"Hoogvliet",11395,1930,3333
"Prinsenbeek",10762,1930,11114
"Purmerend",11066,1930,6062
"Putten",11109,1930,7638
"Raalte",10279,1930,9641
"Raamsdonksveer",11391,1930,7216
"Wolvega",10330,1930,2802
"Oosterwolde",10330,1930,2802
"Burgum",10330,1930,2802
"Oosterbeek",11325,1930,18524
"Velp",11355,1930,24642
"Dieren",11355,1930,24642
"Rhenen",10309,1930,7689
"Rhoon",10903,1930,2635
"Ridderkerk",10646,1930,14797
"Rijnsburg",11118,1930,4515
"Rijssen",10358,1930,9382
"Rijswijk",11133,1930,15934
"Roden",10699,1930,5284
"Roermond",11313,1930,16677
"Roosendaal",10407,1930,22093
"Rosmalen",10970,1930,5054
"Rotterdam",10345,1930,586952
"Rozenburg",11314,1930,2523
"Sassenheim",10612,1930,5260
"Schagen",10511,1930,3902
"Schiedam",11260,1930,52805
"Schijndel",11178,1930,8010
"Heerenveen",10680,1930,17379
"Den Haag",11434,1930,437675
"s-Gravenzande",10640,1930,7073
"Den Bosch",10054,1930,42203
"Sint Michielsgestel",10496,1930,5491
"Sint Oedenrode",10399,1930,6492
"Sittard",11230,1930,14566
"Sliedrecht",11331,1930,13146
"Drachten",10405,1930,15346
"Sneek",11421,1930,14854
"Soest",11021,1930,13893
"Someren",10203,1930,4487
"Son",10549,1930,2927
"Spijkenisse",10735,1930,2330
"Staphorst",11362,1930,6785
"Steenbergen",10731,1930,9117
"Steenwijk",10546,1930,7261
"Stein",11319,1930,3723
"Tegelen",11333,1930,10559
"Terneuzen",10704,1930,10458
"Tiel",10027,1930,12341
"Tilburg",10792,1930,78804
"Uden",11141,1930,7954
"Uitgeest",11238,1930,4036
"Uithoorn",11206,1930,3938
"Urk",10783,1930,3216
"Utrecht",10722,1930,154882
"Valkenswaard",11031,1930,7423
"Veendam",11292,1930,13383
"Veenendaal",11052,1930,8385
"Veghel",10985,1930,7663
"Veldhoven",10071,1930,7105
"De Meern",10713,1930,610
"IJmuiden",10620,1930,41259
"Velserbroek",10620,1930,41259
"Venlo",10477,1930,24275
"Venray",11222,1930,12360
"Leidschendam",10366,1930,3590
"Vianen",10887,1930,3505
"Vlaardingen",10811,1930,27855
"Vleuten",10658,1930,2798
"Vlijmen",11293,1930,4159
"Vlissingen",10270,1930,21716
"Voorburg",11103,1930,19214
"Voorhout",10017,1930,3196
"Voorschoten",10537,1930,5490
"Twello",10912,1930,13812
"Vriezenveen",10643,1930,8750
"Vught",11224,1930,10135
"Waalre",10959,1930,4323
"Waalwijk",11359,1930,9919
"Waddinxveen",10081,1930,7314
"Wageningen",11010,1930,13167
"Wassenaar",10164,1930,13027
"Wateringen",11329,1930,4419
"Weert",11081,1930,14144
"Weesp",10773,1930,7227
"Westervoort",11085,1930,2006
"Wierden",10676,1930,10831
"Wijchen",10723,1930,6006
"Wijk bij Duurstede",10760,1930,3253
"Winschoten",10453,1930,13342
"Winterswijk",11119,1930,17939
"Woerden",10974,1930,7650
"Wormer",10648,1930,4301
"Wormerveer",10361,1930,8818
"Woudenberg",11398,1930,3126
"Zaandam",11044,1930,33184
"Zaltbommel",10557,1930,4077
"Zandvoort",10910,1930,8034
"Zoetermeer",10185,1930,2660
"Zeist",10324,1930,24754
"Zevenaar",10938,1930,6427
"Zevenbergen",10046,1930,8697
"Zierikzee",10843,1930,6771
"Zuidlaren",10002,1930,4571
"Zutphen",10254,1930,19737
"Zwaag",10218,1930,1656
"Zwijndrecht",10468,1930,12139
"Zwolle",10093,1930,40496
